{
	"name": "darksheet-style",
	"title": "styling for the darksheet 5 sheet",
	"description": "Adds styling to the 5e sheet",
	"version": "3.4.1",
	"author": "Handyfon#8390",
	"systems": ["dnd5e", "pf1"],
	"styles": ["css/darksheet.css", "css/mce.css"],
	 "socket": true,
    "url": "https://github.com/Handyfon/Darksheetstyle",
    "manifest": "https://raw.githubusercontent.com/Handyfon/Darksheetstyle/master/module.json",
    "download": "https://github.com/Handyfon/Darksheetstyle/raw/master/darksheet-style.zip",
	"minimumCoreVersion": "0.5.5"
}
