{
	"name": "darksheet-style",
	"title": "styling for the darksheet 5 sheet",
	"description": "Adds styling to the 5e sheet",
	"version": "4.4.0",
	"author": "Handyfon#1802",
	"systems": ["dnd5e"],
	"styles": ["css/darksheet-style.css", "css/mce.css"],
	 "socket": true,
    "url": "https://github.com/Handyfon/Darksheetstyle",
    "manifest": "https://raw.githubusercontent.com/Handyfon/Darksheetstyle/master/module.json",
    "download": "https://github.com/Handyfon/Darksheetstyle/raw/master/darksheet-style.zip",
	"minimumCoreVersion": "0.8.8",
	"compatibleCoreVersion": "0.8.9"
}
