{
	"name": "darksheet-style",
	"title": "styling for the darksheet 5 sheet",
	"description": "Adds styling to the 5e sheet",
	"version": "4.5.1",
	"author": "Handyfon#1802",
	"systems": ["dnd5e"],
	"styles": ["css/darksheet-style.css", "css/mce.css"],
	 "socket": true,
    "url": "https://github.com/Handyfon/Darksheetstyle",
    "manifest": "https://raw.githubusercontent.com/Handyfon/Darksheetstyle/master/module.json",
    "download": "https://github.com/Handyfon/Darksheetstyle/raw/master/darksheet-style.zip",
	"minimumCoreVersion": "v9",
	"compatibleCoreVersion": "v9"
}
